               epoch,      train/box_loss,      train/obj_loss,      train/cls_loss,   metrics/precision,      metrics/recall,     metrics/mAP_0.5,metrics/mAP_0.5:0.95,        val/box_loss,        val/obj_loss,        val/cls_loss,               x/lr0,               x/lr1,               x/lr2
                   0,            0.054165,             0.01143,                   0,             0.95205,             0.74482,             0.81347,             0.36782,            0.043455,           0.0068246,                   0,            0.070016,           0.0033316,           0.0033316
                   1,            0.037486,           0.0069146,                   0,             0.96088,             0.79028,             0.86194,             0.42495,            0.039914,           0.0061175,                   0,             0.03995,           0.0065989,           0.0065989
                   2,            0.032499,           0.0062283,                   0,             0.95257,             0.81539,             0.88977,               0.423,            0.039291,           0.0060461,                   0,           0.0098178,           0.0098003,           0.0098003
                   3,            0.030503,           0.0059717,                   0,             0.94694,             0.83052,             0.89158,             0.43866,            0.037436,           0.0059136,                   0,            0.009703,            0.009703,            0.009703
                   4,            0.029419,           0.0057566,                   0,             0.95835,             0.84913,             0.90912,             0.45275,               0.037,           0.0056177,                   0,            0.009703,            0.009703,            0.009703
                   5,            0.028868,           0.0056488,                   0,             0.95498,             0.85921,             0.91165,             0.46366,            0.036219,           0.0057695,                   0,            0.009604,            0.009604,            0.009604
                   6,            0.028575,           0.0055852,                   0,             0.95549,             0.85481,             0.90884,             0.45828,            0.036831,           0.0057263,                   0,            0.009505,            0.009505,            0.009505
                   7,            0.028362,           0.0055411,                   0,             0.96027,             0.85657,             0.90989,             0.46407,            0.036528,           0.0057033,                   0,            0.009406,            0.009406,            0.009406
                   8,            0.028123,           0.0055244,                   0,             0.95961,             0.85818,             0.91021,              0.4642,            0.036552,           0.0057301,                   0,            0.009307,            0.009307,            0.009307
                   9,            0.028012,           0.0054725,                   0,             0.96133,             0.85834,             0.91078,             0.46561,            0.036515,           0.0057082,                   0,            0.009208,            0.009208,            0.009208
                  10,            0.027914,           0.0054621,                   0,             0.95647,             0.86253,             0.91156,             0.46724,            0.036381,           0.0057252,                   0,            0.009109,            0.009109,            0.009109
                  11,            0.027774,           0.0054376,                   0,             0.95474,              0.8635,             0.91214,             0.46718,            0.036357,           0.0057451,                   0,             0.00901,             0.00901,             0.00901
                  12,            0.027679,           0.0054226,                   0,             0.95311,             0.86482,             0.91177,             0.46755,            0.036326,           0.0057694,                   0,            0.008911,            0.008911,            0.008911
                  13,            0.027549,           0.0054026,                   0,             0.96089,             0.85863,             0.91084,              0.4674,            0.036305,           0.0058008,                   0,            0.008812,            0.008812,            0.008812
                  14,            0.027478,           0.0053858,                   0,             0.95961,              0.8606,             0.91024,             0.46696,            0.036333,           0.0058208,                   0,            0.008713,            0.008713,            0.008713
                  15,            0.027356,           0.0053738,                   0,             0.96278,             0.85624,              0.9093,             0.46805,            0.036343,           0.0058645,                   0,            0.008614,            0.008614,            0.008614
                  16,            0.027309,           0.0053533,                   0,              0.9597,             0.85791,             0.90833,             0.46837,            0.036378,           0.0058926,                   0,            0.008515,            0.008515,            0.008515
                  17,            0.027254,           0.0053511,                   0,             0.95609,             0.86073,             0.90764,             0.46754,            0.036466,           0.0059239,                   0,            0.008416,            0.008416,            0.008416
                  18,            0.027178,            0.005321,                   0,             0.95853,             0.85737,             0.90634,             0.46677,            0.036614,           0.0059748,                   0,            0.008317,            0.008317,            0.008317
                  19,             0.02707,           0.0053122,                   0,             0.96194,             0.85644,              0.9064,             0.46713,            0.036628,           0.0059904,                   0,            0.008218,            0.008218,            0.008218
                  20,            0.027044,           0.0053092,                   0,             0.96061,             0.85486,             0.90498,             0.46608,            0.036762,           0.0060202,                   0,            0.008119,            0.008119,            0.008119
                  21,            0.026974,           0.0052972,                   0,             0.96097,             0.85318,             0.90369,             0.46501,            0.036803,           0.0060613,                   0,             0.00802,             0.00802,             0.00802
                  22,            0.026891,           0.0052797,                   0,             0.96019,             0.85211,             0.90287,             0.46444,            0.036817,           0.0060839,                   0,            0.007921,            0.007921,            0.007921
                  23,            0.026824,           0.0052789,                   0,             0.95943,             0.85143,             0.90219,             0.46363,            0.036833,           0.0061131,                   0,            0.007822,            0.007822,            0.007822
                  24,            0.026801,           0.0052619,                   0,             0.95854,             0.84997,             0.90138,             0.46214,            0.036923,           0.0061494,                   0,            0.007723,            0.007723,            0.007723
                  25,            0.026781,           0.0052371,                   0,             0.96105,             0.84539,             0.89979,             0.46044,            0.037014,            0.006187,                   0,            0.007624,            0.007624,            0.007624
                  26,            0.026598,           0.0052308,                   0,             0.95813,             0.84597,             0.89803,             0.45903,            0.037076,           0.0062361,                   0,            0.007525,            0.007525,            0.007525
                  27,             0.02656,           0.0052307,                   0,             0.95625,             0.84486,             0.89807,             0.45671,            0.037135,           0.0062547,                   0,            0.007426,            0.007426,            0.007426
                  28,            0.026575,           0.0052187,                   0,             0.95612,             0.84286,             0.89629,             0.45563,            0.037184,           0.0062734,                   0,            0.007327,            0.007327,            0.007327
                  29,            0.026496,           0.0052002,                   0,             0.95782,             0.83788,             0.89456,             0.45319,            0.037306,            0.006327,                   0,            0.007228,            0.007228,            0.007228
                  30,            0.026436,           0.0051867,                   0,             0.95596,             0.83721,             0.89309,             0.45147,            0.037353,           0.0063498,                   0,            0.007129,            0.007129,            0.007129
                  31,            0.026454,           0.0051942,                   0,             0.95633,             0.83634,             0.89151,              0.4511,            0.037367,           0.0063778,                   0,             0.00703,             0.00703,             0.00703
                  32,            0.026305,           0.0051883,                   0,             0.95918,             0.83127,             0.89009,             0.44924,             0.03738,           0.0064007,                   0,            0.006931,            0.006931,            0.006931
                  33,            0.026276,           0.0051746,                   0,             0.96012,             0.82743,             0.88855,             0.44757,            0.037429,           0.0064307,                   0,            0.006832,            0.006832,            0.006832
                  34,            0.026277,           0.0051898,                   0,             0.96034,             0.82751,             0.88811,             0.44649,            0.037413,           0.0064242,                   0,            0.006733,            0.006733,            0.006733
                  35,            0.026176,           0.0051671,                   0,             0.96157,             0.82514,             0.88714,             0.44525,            0.037472,           0.0064596,                   0,            0.006634,            0.006634,            0.006634
                  36,            0.026088,           0.0051523,                   0,              0.9574,              0.8267,             0.88746,             0.44449,            0.037491,           0.0064553,                   0,            0.006535,            0.006535,            0.006535
                  37,            0.026053,           0.0051373,                   0,             0.95982,             0.82611,             0.88599,             0.44375,            0.037576,           0.0064883,                   0,            0.006436,            0.006436,            0.006436
                  38,            0.026018,           0.0051318,                   0,             0.95502,             0.82855,             0.88571,             0.44294,            0.037589,           0.0065087,                   0,            0.006337,            0.006337,            0.006337
                  39,            0.026014,           0.0051385,                   0,             0.95585,             0.82841,             0.88567,             0.44239,            0.037652,           0.0065064,                   0,            0.006238,            0.006238,            0.006238
                  40,            0.025923,           0.0051278,                   0,             0.95845,             0.82631,             0.88453,             0.44208,            0.037761,            0.006552,                   0,            0.006139,            0.006139,            0.006139
                  41,            0.025836,           0.0051131,                   0,             0.95879,             0.82449,              0.8839,             0.44071,            0.037804,           0.0065727,                   0,             0.00604,             0.00604,             0.00604
                  42,            0.025811,           0.0050743,                   0,             0.95912,             0.82463,             0.88538,             0.44082,            0.037795,           0.0065349,                   0,            0.005941,            0.005941,            0.005941
                  43,            0.025785,           0.0051052,                   0,             0.95928,              0.8228,             0.88476,              0.4381,            0.037888,           0.0065098,                   0,            0.005842,            0.005842,            0.005842
                  44,            0.025675,           0.0050905,                   0,             0.95875,             0.82085,             0.88304,             0.43679,            0.037986,           0.0065445,                   0,            0.005743,            0.005743,            0.005743
                  45,            0.025673,           0.0050813,                   0,             0.95224,             0.82455,             0.88205,             0.43562,            0.038083,           0.0065807,                   0,            0.005644,            0.005644,            0.005644
                  46,             0.02562,           0.0050625,                   0,             0.95358,             0.82407,             0.88233,             0.43492,            0.038102,           0.0065767,                   0,            0.005545,            0.005545,            0.005545
                  47,            0.025533,           0.0050564,                   0,             0.94974,             0.82782,              0.8813,             0.43407,            0.038165,           0.0065728,                   0,            0.005446,            0.005446,            0.005446
                  48,            0.025499,           0.0050666,                   0,             0.94944,             0.82855,             0.88178,             0.43373,            0.038167,           0.0065703,                   0,            0.005347,            0.005347,            0.005347
                  49,            0.025478,           0.0050427,                   0,             0.95005,             0.82966,             0.88225,             0.43314,            0.038215,           0.0065494,                   0,            0.005248,            0.005248,            0.005248
                  50,            0.025422,           0.0050498,                   0,             0.95076,             0.82714,             0.88089,             0.43158,            0.038348,           0.0065727,                   0,            0.005149,            0.005149,            0.005149
                  51,            0.025339,           0.0050317,                   0,             0.95131,             0.82752,             0.88033,             0.43069,            0.038411,           0.0065966,                   0,             0.00505,             0.00505,             0.00505
                  52,            0.025261,           0.0050293,                   0,             0.94949,             0.82738,             0.88122,             0.43107,            0.038372,           0.0065738,                   0,            0.004951,            0.004951,            0.004951
                  53,            0.025218,           0.0050118,                   0,             0.95367,             0.82417,             0.88173,             0.43056,            0.038417,           0.0065913,                   0,            0.004852,            0.004852,            0.004852
                  54,            0.025218,            0.005005,                   0,             0.95641,             0.82144,             0.88112,             0.42944,            0.038487,           0.0065959,                   0,            0.004753,            0.004753,            0.004753
                  55,            0.025106,           0.0049865,                   0,             0.95846,             0.81998,             0.88109,             0.42861,            0.038498,           0.0066046,                   0,            0.004654,            0.004654,            0.004654
                  56,            0.025058,           0.0049797,                   0,             0.96195,             0.81443,             0.87998,             0.42792,            0.038568,           0.0066276,                   0,            0.004555,            0.004555,            0.004555
                  57,            0.025029,           0.0049792,                   0,             0.95701,             0.81754,             0.87973,             0.42702,            0.038618,           0.0066364,                   0,            0.004456,            0.004456,            0.004456
                  58,            0.024934,           0.0049505,                   0,             0.95456,             0.82022,             0.88041,             0.42709,            0.038556,           0.0066428,                   0,            0.004357,            0.004357,            0.004357
                  59,            0.024956,           0.0049662,                   0,             0.95547,             0.82037,             0.88117,              0.4278,            0.038556,           0.0066508,                   0,            0.004258,            0.004258,            0.004258
                  60,            0.024876,           0.0049715,                   0,              0.9559,             0.81813,             0.87976,             0.42847,            0.038614,           0.0066711,                   0,            0.004159,            0.004159,            0.004159
                  61,             0.02477,           0.0049463,                   0,             0.95471,             0.81678,             0.87888,             0.42859,            0.038718,           0.0066817,                   0,             0.00406,             0.00406,             0.00406
                  62,            0.024811,           0.0049569,                   0,             0.95417,              0.8148,             0.87867,             0.42717,             0.03876,           0.0066856,                   0,            0.003961,            0.003961,            0.003961
                  63,            0.024669,           0.0049306,                   0,             0.95657,             0.81316,             0.87873,             0.42588,            0.038816,           0.0066833,                   0,            0.003862,            0.003862,            0.003862
                  64,            0.024629,           0.0049219,                   0,             0.96121,             0.80937,             0.87836,             0.42409,            0.038885,           0.0067057,                   0,            0.003763,            0.003763,            0.003763
                  65,            0.024562,           0.0049143,                   0,             0.95428,             0.81579,             0.87824,             0.42336,            0.038956,           0.0067095,                   0,            0.003664,            0.003664,            0.003664
                  66,            0.024449,           0.0048876,                   0,             0.95502,             0.81438,              0.8769,             0.42258,            0.039017,           0.0067212,                   0,            0.003565,            0.003565,            0.003565
                  67,            0.024437,           0.0048838,                   0,             0.95262,             0.81375,             0.87557,             0.42235,             0.03908,           0.0067674,                   0,            0.003466,            0.003466,            0.003466
                  68,             0.02439,           0.0048914,                   0,             0.95044,             0.81416,             0.87457,             0.42164,             0.03919,           0.0067786,                   0,            0.003367,            0.003367,            0.003367
                  69,            0.024312,           0.0048735,                   0,             0.95535,             0.81297,             0.87499,             0.42081,             0.03928,           0.0067794,                   0,            0.003268,            0.003268,            0.003268
                  70,            0.024234,           0.0048799,                   0,             0.95204,             0.81453,             0.87446,             0.41916,            0.039339,           0.0067896,                   0,            0.003169,            0.003169,            0.003169
                  71,            0.024202,           0.0048587,                   0,             0.95274,             0.81511,             0.87519,             0.41923,            0.039355,           0.0067838,                   0,             0.00307,             0.00307,             0.00307
                  72,            0.024118,           0.0048474,                   0,             0.95508,             0.81346,             0.87483,             0.41849,            0.039442,           0.0067997,                   0,            0.002971,            0.002971,            0.002971
                  73,            0.024008,           0.0048228,                   0,             0.95494,             0.81501,             0.87487,             0.41785,            0.039491,           0.0068089,                   0,            0.002872,            0.002872,            0.002872
                  74,            0.024023,           0.0048301,                   0,             0.95365,             0.81579,             0.87434,             0.41714,            0.039579,            0.006818,                   0,            0.002773,            0.002773,            0.002773
                  75,             0.02389,           0.0048039,                   0,             0.95354,             0.81322,             0.87249,             0.41603,            0.039685,           0.0068485,                   0,            0.002674,            0.002674,            0.002674
                  76,            0.023808,           0.0047985,                   0,             0.95406,             0.81141,             0.87102,             0.41551,             0.03977,           0.0068743,                   0,            0.002575,            0.002575,            0.002575
                  77,            0.023683,           0.0047737,                   0,             0.95342,             0.80859,             0.86916,              0.4144,            0.039897,           0.0069341,                   0,            0.002476,            0.002476,            0.002476
                  78,             0.02365,           0.0047852,                   0,             0.95008,             0.80946,             0.86822,             0.41438,            0.039982,           0.0069747,                   0,            0.002377,            0.002377,            0.002377
                  79,            0.023598,           0.0047556,                   0,             0.94928,             0.80912,             0.86716,             0.41338,            0.040121,           0.0069905,                   0,            0.002278,            0.002278,            0.002278
                  80,            0.023467,            0.004733,                   0,               0.953,             0.80537,             0.86784,             0.41484,            0.040122,           0.0070057,                   0,            0.002179,            0.002179,            0.002179
                  81,            0.023401,           0.0047272,                   0,             0.94939,             0.80635,             0.86684,             0.41516,             0.04019,           0.0070333,                   0,             0.00208,             0.00208,             0.00208
                  82,            0.023312,           0.0047312,                   0,             0.94802,             0.80609,             0.86661,             0.41579,             0.04022,           0.0070309,                   0,            0.001981,            0.001981,            0.001981
                  83,            0.023251,           0.0047042,                   0,             0.95569,             0.80208,             0.86721,             0.41639,            0.040244,           0.0070421,                   0,            0.001882,            0.001882,            0.001882
                  84,            0.023127,            0.004699,                   0,             0.95593,             0.80251,             0.86754,             0.41692,             0.04023,           0.0070795,                   0,            0.001783,            0.001783,            0.001783
                  85,            0.023014,           0.0046807,                   0,             0.95542,             0.80126,             0.86737,             0.41733,            0.040219,           0.0070809,                   0,            0.001684,            0.001684,            0.001684
                  86,            0.022911,           0.0046522,                   0,             0.95554,             0.80135,             0.86656,             0.41617,            0.040318,           0.0071204,                   0,            0.001585,            0.001585,            0.001585
                  87,            0.022808,           0.0046426,                   0,             0.95555,             0.79944,             0.86537,               0.416,            0.040433,           0.0071592,                   0,            0.001486,            0.001486,            0.001486
                  88,            0.022697,            0.004644,                   0,             0.95886,             0.79603,             0.86483,              0.4164,            0.040436,           0.0071747,                   0,            0.001387,            0.001387,            0.001387
                  89,            0.022659,           0.0046097,                   0,             0.95889,             0.79714,             0.86448,             0.41562,            0.040543,           0.0072213,                   0,            0.001288,            0.001288,            0.001288
                  90,             0.02252,           0.0046232,                   0,             0.95843,              0.7969,              0.8636,             0.41456,             0.04065,            0.007252,                   0,            0.001189,            0.001189,            0.001189
                  91,            0.022416,           0.0045768,                   0,             0.95735,             0.79729,             0.86208,             0.41328,            0.040754,           0.0072802,                   0,             0.00109,             0.00109,             0.00109
                  92,            0.022197,           0.0045486,                   0,             0.95491,             0.79792,             0.86143,             0.41302,            0.040856,           0.0072973,                   0,            0.000991,            0.000991,            0.000991
                  93,            0.022127,           0.0045538,                   0,              0.9548,             0.79749,             0.86125,              0.4128,            0.040909,           0.0073193,                   0,            0.000892,            0.000892,            0.000892
                  94,            0.021915,           0.0045257,                   0,             0.95681,             0.79592,             0.86082,             0.41178,            0.041008,           0.0073482,                   0,            0.000793,            0.000793,            0.000793
                  95,            0.021773,           0.0044957,                   0,             0.95478,             0.79535,             0.86052,             0.41077,            0.041084,           0.0073619,                   0,            0.000694,            0.000694,            0.000694
                  96,            0.021643,           0.0044714,                   0,              0.9537,             0.79525,             0.85921,              0.4103,             0.04114,           0.0074069,                   0,            0.000595,            0.000595,            0.000595
                  97,            0.021474,           0.0044461,                   0,               0.951,             0.79558,             0.85838,             0.40925,            0.041158,           0.0074376,                   0,            0.000496,            0.000496,            0.000496
                  98,             0.02128,           0.0044341,                   0,             0.95062,             0.79603,              0.8585,             0.40956,            0.041156,           0.0074524,                   0,            0.000397,            0.000397,            0.000397
                  99,            0.021114,           0.0043999,                   0,             0.95131,             0.79496,             0.85829,              0.4097,            0.041213,           0.0075012,                   0,            0.000298,            0.000298,            0.000298
